SiO2,TiO2,Al2O3,FeO,MnO,MgO,CaO,Na2O,K2O,P2O5,La,Ce,Pr,Nd,Sm,Eu,Gd,Tb,Dy,Ho,Er,Tm,Yb,Lu,Sr,Y ,Rb,Ba,Hf,Nb,Ta,Th,U ,Pb,Zr,Sc,V ,Ni,Cr,A,La/Y,Nb/Y,Ba/Sc,Nb/Yb,Sr/Y,(La/Yb)/n,Ce/Yb,Zr/Y,La/Sm,Dy/Yb,Sm/Yb,Zr/Sm,Rb/Sr,Nd/Yb,Lu/Hf,Ce/Y,Nd/Y,Th/Yb,Gd/Yb,Ba/V,A/CaO,Th/Y,Ni/Sc,Cr/Sc,Ni/V,Cr/V,Crustal_Thickness
60.27214261,0.352292083,20.63425056,2.807647114,0.181178785,0.372423059,2.033228592,4.841499766,8.384551569,0.120785857,120,206,20,64,11,3.1,8.5,1.2,7,1.3,3.7,0.48,3.5,0.51,1012,34,196,1135,17.84,339,19.25,36.75,10.04,16.9,808,0.75,9,3,10,13.22605134,3.529411765,9.970588235,1513.333333,96.85714286,29.76470588,23.29113924,58.85714286,23.76470588,10.90909091,2,3.142857143,73.45454545,0.19,18.28571429,0.028587444,6.058823529,1.882352941,10.5,2.428571429,126.1111111,6.504950495,1.080882353,4,13.33333333,0.333333333,1.111111111,41.38798
55.19649429,1.280779986,17.15220558,10.24293855,0.256155997,1.670137102,4.580069231,5.809618018,3.053379488,0.758221752,54.2,131.6,16.46,69.7,13.58,3.94,12.66,1.99,10.91,2.13,6.01,0.89,5.58,0.85,412.5,58.9,20.7,443,15,55.6,3.2,3.6,1.3,3.6,709.9,14,14,2.1,89,8.862997507,0.920203735,0.943972835,31.64285714,9.964157706,7.003395586,6.598460445,23.58422939,12.05263158,3.991163476,1.955197133,2.433691756,52.27540501,0.05,12.49103943,0.056666667,2.234295416,1.18336163,0.64516129,2.268817204,31.64285714,1.935123043,0.061120543,0.15,6.357142857,0.15,6.357142857,34.26596
56.01554959,0.456706225,16.87688819,7.511678828,0.2124215,0.700990951,7.795869056,6.500097905,3.483712603,0.44608515,59.6,126.9,14.18,54.5,9.15,2.44,8.36,1.31,7.58,1.53,4.43,0.75,5.04,0.81,306.4,44.9,47.2,595,18.6,77.8,5.2,6.6,2.2,4.6,834,4,10,4.3,82,9.983810508,1.327394209,1.732739421,148.75,15.43650794,6.824053452,8.033286451,25.17857143,18.57461024,6.513661202,1.503968254,1.81547619,91.14754098,0.15,10.81349206,0.043548387,2.826280624,1.213808463,1.30952381,1.658730159,59.5,1.280653951,0.146993318,1.075,20.5,0.43,8.2,34.23087
60.29731041,0.230702753,17.09297669,5.642574071,0.199243287,0.356540618,4.488217193,6.386271659,5.180325451,0.125837865,69.2,196.5,19.51,79.6,15.24,2.91,14.35,2.45,14.56,2.95,8.23,1.33,8.65,1.35,338.1,74.3,42.4,529,26.8,96.4,5.3,4.5,1.4,4.7,1337.5,5,23,2.7,14,11.56659711,0.931359354,1.297442799,105.8,11.14450867,4.550471063,5.434599156,22.71676301,18.0013459,4.540682415,1.683236994,1.761849711,87.76246719,0.13,9.202312139,0.050373134,2.644683715,1.071332436,0.520231214,1.658959538,23,2.577102803,0.060565276,0.54,2.8,0.117391304,0.608695652,34.16934
56.19038497,1.148194123,17.1721068,7.250301259,0.121932119,4.867123762,8.189774012,3.52587045,1.280287253,0.254025249,20.2,38.4,4.5,18.2,3.7,1.25,3.7,0.53,3.63,0.7,2.06,0.31,1.9,0.34,420,23,30,329,3.7,11,0.55,4.55,4.55,6.1,153,18,144,68,88,4.806157703,0.87826087,0.47826087,18.27777778,5.789473684,18.26086957,7.222296247,20.21052632,6.652173913,5.459459459,1.910526316,1.947368421,41.35135135,0.07,9.578947368,0.091891892,1.669565217,0.791304348,2.394736842,1.947368421,2.284722222,0.586848635,0.197826087,3.777777778,4.888888889,0.472222222,0.611111111,44.2998
54.53809232,1.239040459,16.95047972,7.813358664,0.142184971,5.057722528,8.06391905,4.133520219,1.635127163,0.426554912,32.6,60.5,6.7,27,5.05,1.54,5,0.79,4.92,0.91,2.85,0.4,2.93,0.49,573,28,28,528,4.6,19,0.93,4.41,1.16,9,200,16,169,79,76,5.768647382,1.164285714,0.678571429,33,6.484641638,20.46428571,7.558358895,20.64846416,7.142857143,6.455445545,1.679180887,1.723549488,39.6039604,0.05,9.215017065,0.106521739,2.160714286,0.964285714,1.505119454,1.706484642,3.124260355,0.715365239,0.1575,4.9375,4.75,0.467455621,0.449704142,44.2998
54.8,1.59,18.02,7.67,0.18,2.86,5.58,5.77,2.71,0.82,126,233,24.6,90,14.7,3.78,11,1.52,7.53,1.39,3.43,0.48,3.05,0.43,1101,28,53,1315,6.8,97,5.1,20.2,5.6,12.7,308,13,187,2,9,8.48,4.5,3.464285714,101.1538462,31.80327869,39.32142857,28.06391368,76.39344262,11,8.571428571,2.468852459,4.819672131,20.95238095,0.05,29.50819672,0.063235294,8.321428571,3.214285714,6.62295082,3.606557377,7.032085561,1.519713262,0.721428571,0.153846154,0.692307692,0.010695187,0.048128342,27.59718
61.47614761,1.300130013,17.07170717,5.350535054,0.170017002,1.890189019,3.460346035,5.99059906,2.840284028,0.450045005,111,210,22,79,12.9,3.6,9.3,1.33,6.8,1.18,3.1,0.47,2.51,0.37,896,35,66,1341,5.4,104,5.2,16.3,3.5,13.7,196,14,88,3,1,8.830883088,3.171428571,2.971428571,95.78571429,41.43426295,25.6,30.04185788,83.66533865,5.6,8.604651163,2.709163347,5.139442231,15.19379845,0.07,31.47410359,0.068518519,6,2.257142857,6.494023904,3.705179283,15.23863636,2.552023121,0.465714286,0.214285714,0.071428571,0.034090909,0.011363636,27.59718
60.56,1.5,17.27,6.16,0.19,1.83,3.71,5.42,2.91,0.45,118,240,24.3,84,14.1,3.4,9.3,1.43,7.8,1.46,3.7,0.49,3.23,0.45,835,41,63,1339,9.1,101,5.4,20.8,5.6,21.3,416,12,83,4,1,8.33,2.87804878,2.463414634,111.5833333,31.26934985,20.36585366,24.81744197,74.30340557,10.14634146,8.368794326,2.414860681,4.365325077,29.5035461,0.08,26.00619195,0.049450549,5.853658537,2.048780488,6.439628483,2.879256966,16.13253012,2.245283019,0.507317073,0.333333333,0.083333333,0.048192771,0.012048193,27.59718
57.67659412,0.807881372,17.43592074,5.600595681,0.112489811,3.56899492,7.823155054,4.356423599,2.208890839,0.409053859,30.81,57.19,6.31,22.93,3.94,1.1,2.94,0.35,1.85,0.35,0.9,0.13,0.79,0.13,922,15,41.53,576,2.48,10.68,0.75,10.74,2.12,12.15,129,13,141,58,134,6.565314438,2.054,0.712,44.30769231,13.51898734,61.46666667,26.49367089,72.39240506,8.6,7.819796954,2.341772152,4.987341772,32.74111675,0.05,29.02531646,0.052419355,3.812666667,1.528666667,13.59493671,3.721518987,4.085106383,0.839215686,0.716,4.461538462,10.30769231,0.411347518,0.95035461,44.03994
55.24552221,1.162522162,17.68473979,7.183407562,0.113165874,5.164478985,6.234410886,4.063683664,2.633678526,0.514390337,57.7,96.8,11.4,40.5,7.33,1.95,5.9,0.798,4.34,0.809,2.22,0.331,2.18,0.341,739,21.4,50.6,914,5.22,21.8,1.49,14.1,1.9,12,197,15.8,133,78.9,117,6.69736219,2.696261682,1.018691589,57.84810127,10,34.53271028,17.98029652,44.40366972,9.205607477,7.871759891,1.990825688,3.362385321,26.87585266,0.07,18.57798165,0.06532567,4.523364486,1.892523364,6.467889908,2.706422018,6.872180451,1.074257426,0.658878505,4.993670886,7.405063291,0.593233083,0.879699248,36.25399
57.93479305,1.18693677,16.59665036,6.610587042,0.102322135,4.420316248,6.037005987,3.652900233,3.069664061,0.388824114,64,118,13.4,45.1,7.49,1.8,6.79,0.911,4.88,0.903,2.53,0.385,2.35,0.36,577,25.1,89.5,785,6.58,22.6,1.35,17.9,1.87,18.5,276,18.5,121,32.3,78.9,6.722564294,2.549800797,0.900398406,42.43243243,9.617021277,22.98804781,18.50076308,50.21276596,10.99601594,8.544726302,2.076595745,3.187234043,36.84913218,0.16,19.19148936,0.054711246,4.701195219,1.796812749,7.617021277,2.889361702,6.487603306,1.113559322,0.71314741,1.745945946,4.264864865,0.266942149,0.652066116,36.07014
57.91808611,1.1788637,16.63735465,6.613493011,0.092258898,4.407925138,6.140342227,3.618599008,3.013790676,0.379286582,64.7,118,12.6,46.6,7.78,1.91,7.04,0.928,4.95,0.92,2.6,0.396,2.42,0.369,587,24.9,87.5,803,6.75,22.7,1.34,18.3,1.88,19.4,279,18.9,125,33.8,83,6.632389684,2.598393574,0.911646586,42.48677249,9.380165289,23.57429719,18.16211598,48.76033058,11.20481928,8.316195373,2.045454545,3.214876033,35.86118252,0.15,19.25619835,0.054666667,4.738955823,1.871485944,7.561983471,2.909090909,6.424,1.080133556,0.734939759,1.788359788,4.391534392,0.2704,0.664,36.07014
57.96905057,1.209182953,16.85683016,6.657224382,0.102473132,4.170656458,6.107398646,3.473839163,3.063946636,0.3893979,79.2,145,16.2,59.2,9.33,2.25,8.17,1.12,5.95,1.19,3.15,0.451,2.85,0.434,628,30.2,105,961,7.99,28.4,1.6,22.4,2.35,24.3,328,20.6,142,42.3,101,6.537785799,2.622516556,0.940397351,46.65048544,9.964912281,20.79470199,18.87808128,50.87719298,10.86092715,8.488745981,2.087719298,3.273684211,35.15541265,0.17,20.77192982,0.054317897,4.801324503,1.960264901,7.859649123,2.866666667,6.767605634,1.070469799,0.741721854,2.053398058,4.902912621,0.297887324,0.711267606,36.15804
58.2429063,1.198789978,16.52907876,6.45374477,0.091433134,4.084013315,6.207293869,3.728440016,3.078248842,0.38605101,82.3,157,17.9,64.7,9.93,2.17,9.08,1.24,6.76,1.29,3.41,0.502,3.19,0.468,656,33.1,115,1080,8.62,28.7,1.74,26.1,2.75,24.6,353,20.8,145,40.3,95.4,6.806688858,2.486404834,0.867069486,51.92307692,8.996865204,19.81873112,17.52615637,49.21630094,10.66465257,8.288016113,2.119122257,3.112852665,35.54884189,0.18,20.28213166,0.054292343,4.743202417,1.954682779,8.181818182,2.846394984,7.448275862,1.096563011,0.788519637,1.9375,4.586538462,0.277931034,0.657931034,36.15804
58.02188086,1.201365492,17.10418667,6.568380309,0.091629571,3.807717747,6.190086605,3.522647969,3.115405429,0.376699349,81.8,156,17.1,62.4,9.75,2.15,8.69,1.22,6.23,1.26,3.34,0.468,2.96,0.456,686,32.6,115,1086,8.77,28.7,1.69,24.4,2.61,24.6,351,18.8,142,35.3,84.3,6.638053398,2.509202454,0.880368098,57.76595745,9.695945946,21.04294479,18.77323526,52.7027027,10.76687117,8.38974359,2.10472973,3.293918919,36,0.17,21.08108108,0.051995439,4.785276074,1.914110429,8.243243243,2.935810811,7.647887324,1.072368421,0.748466258,1.877659574,4.484042553,0.248591549,0.593661972,36.15804
58.00933663,1.176618823,17.0711162,6.48923336,0.111575923,3.966016895,6.238108416,3.570429532,2.992263386,0.375300832,80.5,152,16.8,61.8,9.52,2.13,8.59,1.2,6.35,1.24,3.23,0.471,2.97,0.45,682,31,111,1044,8.47,28,1.66,24.1,2.41,22,343,20.3,141,59,89.9,6.562692918,2.596774194,0.903225806,51.42857143,9.427609428,22,18.41267812,51.17845118,11.06451613,8.455882353,2.138047138,3.205387205,36.02941176,0.16,20.80808081,0.053128689,4.903225806,1.993548387,8.114478114,2.892255892,7.404255319,1.05203252,0.777419355,2.906403941,4.428571429,0.418439716,0.637588652,36.15804
58.06531163,1.226084356,17.45126734,6.674545757,0.102173696,3.678253068,5.813683322,3.535209894,3.054993521,0.398477416,134,195,26.7,99.4,15.4,3.44,13.5,1.81,9.96,1.88,4.84,0.687,4.08,0.608,711,48.8,123,1166,9.44,32.8,1.85,26.2,2.74,27.3,386,24.4,164,45.7,119,6.590203415,2.745901639,0.672131148,47.78688525,8.039215686,14.56967213,22.31116075,47.79411765,7.909836066,8.701298701,2.441176471,3.774509804,25.06493506,0.17,24.3627451,0.06440678,3.995901639,2.036885246,6.421568627,3.308823529,7.109756098,1.133567663,0.536885246,1.87295082,4.87704918,0.278658537,0.725609756,36.15804
58.40802195,1.227489078,17.15415986,6.700601011,0.112519832,3.508572947,5.840802195,3.488114796,3.181242527,0.378475799,187,216,36.8,144,22.8,4.99,21.9,3.13,16.4,3.25,8.14,1.17,7.09,1.09,713,77.5,120,1173,9.83,31,1.85,26.4,2.93,24,403,21,153,40.2,95.4,6.669357323,2.412903226,0.4,55.85714286,4.37235543,9.2,17.91731386,30.46544429,5.2,8.201754386,2.313117066,3.215796897,17.6754386,0.17,20.31029619,0.110885046,2.787096774,1.858064516,3.723554302,3.088857546,7.666666667,1.141856392,0.340645161,1.914285714,4.542857143,0.262745098,0.623529412,36.15804
64.11716306,0.722704965,16.76471941,4.460439364,0.081431545,2.025609692,4.733208576,3.837461577,2.941714577,0.315547238,56.7,101,11.5,39.7,6.99,1.58,5.52,0.752,3.88,0.749,2.1,0.314,2.02,0.302,599,20.2,84.7,840,5.94,17.3,1.08,16.9,2.22,22,224,10.9,81.5,12.1,32.1,6.779176154,2.806930693,0.856435644,77.06422018,8.564356436,29.65346535,19.06817897,50,11.08910891,8.111587983,1.920792079,3.46039604,32.04577969,0.14,19.65346535,0.050841751,5,1.965346535,8.366336634,2.732673267,10.30674847,1.432258065,0.836633663,1.110091743,2.944954128,0.148466258,0.393865031,35.63686
65.67018571,0.55314148,17.07568235,3.640705518,0.071703525,1.556990832,4.681215858,3.605662981,2.960331254,0.184380493,42.4,65,7.83,27.2,4.78,1.16,4.27,0.589,3.22,0.659,1.91,0.293,1.85,0.293,483,21.9,63.7,636,3.72,8.97,0.561,12.1,1.77,17.7,135,8.38,63.4,10.1,14.1,6.565994236,1.936073059,0.409589041,75.89498807,4.848648649,22.05479452,15.56939218,35.13513514,6.164383562,8.870292887,1.740540541,2.583783784,28.24267782,0.13,14.7027027,0.078763441,2.96803653,1.242009132,6.540540541,2.308108108,10.03154574,1.402625821,0.552511416,1.205250597,1.682577566,0.159305994,0.222397476,36.22596
57.03219464,1.067447493,16.0422109,6.888080082,0.101661666,5.062750968,7.472132453,3.212508647,2.795695816,0.325317331,71.4,136,15.7,53.4,9.06,1.87,7.41,0.927,4.62,0.853,2.25,0.327,2.1,0.31,772,22.5,96.8,740,5.87,19.3,1.22,28.1,2.64,13,202,20.5,140,39,114,6.008204463,3.173333333,0.857777778,36.09756098,9.19047619,34.31111111,23.09704641,64.76190476,8.977777778,7.880794702,2.2,4.314285714,22.29580574,0.13,25.42857143,0.052810903,6.044444444,2.373333333,13.38095238,3.528571429,5.285714286,0.804081633,1.248888889,1.902439024,5.56097561,0.278571429,0.814285714,35.85033
56.52525081,1.156474981,17.11380081,7.23853313,0.121734208,4.849079305,6.178011081,3.63173722,2.921621004,0.263757452,47.4,89.4,9.83,35.8,6.13,1.38,5.75,0.871,4.71,0.975,2.6,0.388,2.46,0.372,328,24.5,59,500,5.96,21.5,1.38,23.2,1.99,14.7,228,17.2,100,54.6,145,6.553358224,1.934693878,0.87755102,29.06976744,8.739837398,13.3877551,13.08943089,36.34146341,9.306122449,7.732463295,1.914634146,2.491869919,37.19412724,0.18,14.55284553,0.062416107,3.648979592,1.46122449,9.430894309,2.337398374,5,1.060755337,0.946938776,3.174418605,8.430232558,0.546,1.45,37.3197
56.38949568,1.206680451,17.64389903,6.122288972,0.101401719,4.654338881,6.783774971,3.620041352,3.021771213,0.456307733,62.4,116,13.4,46.2,8.18,1.85,6.87,0.914,4.67,0.865,2.3,0.33,2.05,0.305,609,22.2,77.4,890,6.9,23.8,1.46,18.2,1.98,16.2,245,15.7,112,63.7,44.8,6.641812565,2.810810811,1.072072072,56.68789809,11.6097561,27.43243243,20.67798703,56.58536585,11.03603604,7.628361858,2.27804878,3.990243902,29.95110024,0.13,22.53658537,0.044202899,5.225225225,2.081081081,8.87804878,3.351219512,7.946428571,0.979073244,0.81981982,4.057324841,2.853503185,0.56875,0.4,37.5045
55.09615593,1.394583551,17.10891269,7.856428877,0.131373813,4.618294802,6.629324705,4.011954128,2.768955746,0.38401576,58.7,94,12.6,45.1,8.54,2.22,7.94,1.17,6.6,1.28,3.65,0.53,3.26,0.489,596,37.5,63.6,677,6.14,28.7,1.67,11.5,1.39,12.2,253,18,134,45.6,47,6.780909874,1.565333333,0.765333333,37.61111111,8.803680982,15.89333333,12.23201574,28.83435583,6.746666667,6.8735363,2.024539877,2.619631902,29.62529274,0.11,13.83435583,0.079641694,2.506666667,1.202666667,3.527607362,2.435582822,5.052238806,1.022865854,0.306666667,2.533333333,2.611111111,0.340298507,0.350746269,37.25283
58.97237374,1.172573766,16.95177764,6.012147581,0.11119234,3.60869685,5.620267363,3.71988919,3.366095381,0.464986149,46.5,87.8,10.2,36.4,7.23,1.72,6.46,0.977,5.53,1.09,3.05,0.449,2.88,0.438,460,28.8,71.3,543,5.8,23.5,1.5,18.2,1.77,13.5,227,21,147,39.7,49.5,7.085984571,1.614583333,0.815972222,25.85714286,8.159722222,15.97222222,10.96826653,30.48611111,7.881944444,6.43153527,1.920138889,2.510416667,31.39695712,0.16,12.63888889,0.075517241,3.048611111,1.263888889,6.319444444,2.243055556,3.693877551,1.260791367,0.631944444,1.89047619,2.357142857,0.270068027,0.336734694,36.08569
62.08314934,1.007679749,16.68717664,5.086644436,0.090691177,2.438584993,4.695787631,3.526879122,3.990411806,0.392995102,90,175,19.7,71.2,11.4,2.35,10.3,1.43,7.42,1.47,3.93,0.567,3.56,0.551,753,37.2,143,1074,9.1,36,2.3,33,3.63,27.3,358,18.3,139,56,79.6,7.517290928,2.419354839,0.967741935,58.68852459,10.11235955,20.24193548,17.17394396,49.15730337,9.623655914,7.894736842,2.084269663,3.202247191,31.40350877,0.19,20,0.060549451,4.704301075,1.913978495,9.269662921,2.893258427,7.726618705,1.600858369,0.887096774,3.06010929,4.349726776,0.402877698,0.572661871,36.62284
59.01136569,1.134249692,16.34534824,5.968675062,0.111399523,4.061018988,5.914301967,3.625548124,3.402749077,0.425343635,41.3,80.1,9.3,33.7,5.9,1.4,5.5,0.8,4.8,1,2.6,0.4,2.4,0.4,410.2,24.9,81.3,445.2,5,20.9,1.3,20.6,2,13.8,185.8,16.5,124.8,41.6,119.6,7.028297201,1.658634538,0.83935743,26.98181818,8.708333333,16.47389558,11.69004923,33.375,7.46184739,7,2,2.458333333,31.49152542,0.2,14.04166667,0.08,3.21686747,1.353413655,8.583333333,2.291666667,3.567307692,1.188356164,0.827309237,2.521212121,7.248484848,0.333333333,0.958333333,37.21511
58.75071345,1.13001544,16.57692293,5.94639348,0.100894236,4.096305969,6.003207024,3.612013638,3.349688625,0.433845214,43.5,83.6,9.5,35.1,6.1,1.5,5.7,0.9,5,1,2.6,0.4,2.5,0.4,420.7,25.3,78.3,462.3,5.1,22.1,1.4,19,1.9,13.9,206.1,16.2,128.3,43.5,134.7,6.961702263,1.719367589,0.873517787,28.53703704,8.84,16.6284585,11.82025316,33.44,8.146245059,7.131147541,2,2.44,33.78688525,0.19,14.04,0.078431373,3.304347826,1.387351779,7.6,2.28,3.603273578,1.159663866,0.750988142,2.685185185,8.314814815,0.339049104,1.049883087,37.21511
58.65438034,1.236536098,17.00743912,5.891494484,0.101355418,3.466355292,5.990105198,3.719743837,3.466355292,0.466234922,41.6,80.9,9.3,34.3,6,1.4,5.6,0.9,4.9,1,2.7,0.4,2.4,0.4,412.8,25.2,76.9,445.1,5.1,21.2,1.3,20.2,2,17.1,187.9,16.2,125.4,48.9,135.9,7.186099129,1.650793651,0.841269841,27.47530864,8.833333333,16.38095238,11.77496484,33.70833333,7.456349206,6.933333333,2.041666667,2.5,31.31666667,0.19,14.29166667,0.078431373,3.21031746,1.361111111,8.416666667,2.333333333,3.549441786,1.19966159,0.801587302,3.018518519,8.388888889,0.389952153,1.083732057,37.21511
58.7206009,1.225878659,17.0103328,5.870755187,0.101312286,3.44461772,5.967293638,3.72829212,3.464880177,0.466036515,50.4,93.1,11.5,43.4,7.4,1.9,6.7,1,5.5,1.1,2.9,0.4,2.6,0.4,554.8,27.5,30.3,700.7,5.9,26.1,1.5,15.1,1.6,14.9,241.7,17,134.3,42.4,79.8,7.193172297,1.832727273,0.949090909,41.21764706,10.03846154,20.17454545,13.1684518,35.80769231,8.789090909,6.810810811,2.115384615,2.846153846,32.66216216,0.05,16.69230769,0.06779661,3.385454545,1.578181818,5.807692308,2.576923077,5.217423678,1.205432937,0.549090909,2.494117647,4.694117647,0.315711095,0.594192107,36.81312
54.82078917,1.382207513,17.30808379,7.636015571,0.132122777,4.837726297,6.911037567,3.841723824,2.703435284,0.426858203,49.5,94.9,10.8,40.3,6.8,1.8,6.3,0.9,5.1,1,2.7,0.4,2.5,0.4,520.2,26.2,57.9,651.8,5.7,24.3,1.4,15.2,1.7,13.3,225.3,17.8,134.1,49.8,105.4,6.545159108,1.889312977,0.927480916,36.61797753,9.72,19.85496183,13.45063291,37.96,8.599236641,7.279411765,2.04,2.72,33.13235294,0.11,16.12,0.070175439,3.622137405,1.538167939,6.08,2.52,4.860551827,0.947058824,0.580152672,2.797752809,5.921348315,0.371364653,0.785980611,36.81312
54.90308368,1.517447499,16.32529088,8.21988682,0.132394748,5.244868873,7.587237497,3.574658203,2.189605452,0.305526342,48,90.2,10.3,38.3,6.4,1.8,6.1,0.9,4.8,1,2.5,0.4,2.3,0.3,527.8,25.7,52.1,634.8,5.4,24,1.4,12.7,1.5,11.7,221.7,17.2,129.7,40.5,113,5.764263655,1.86770428,0.93385214,36.90697674,10.43478261,20.53696498,14.17721519,39.2173913,8.626459144,7.5,2.086956522,2.782608696,34.640625,0.1,16.65217391,0.055555556,3.509727626,1.490272374,5.52173913,2.652173913,4.894371627,0.759731544,0.494163424,2.354651163,6.569767442,0.312259059,0.871241326,36.81312
54.97094329,1.502992723,16.29934675,8.205735007,0.132019631,5.240163816,7.545429682,3.615306819,2.18340159,0.304660687,37.4,71.9,8.5,32.3,6,1.6,5.8,0.9,5.2,1,2.6,0.4,2.4,0.4,404.1,25.4,65.5,427.2,4.5,18.1,1.1,15.7,1.5,12.1,164.6,20.6,137,44.4,175.5,5.798708409,1.472440945,0.712598425,20.73786408,7.541666667,15.90944882,10.58614627,29.95833333,6.480314961,6.233333333,2.166666667,2.5,27.43333333,0.16,13.45833333,0.088888889,2.830708661,1.271653543,6.541666667,2.416666667,3.118248175,0.768506057,0.618110236,2.155339806,8.519417476,0.324087591,1.281021898,36.31849
58.72582691,1.247974553,16.96433701,5.925040236,0.101461346,3.398955082,5.894904187,3.733777523,3.530854832,0.476868325,35.7,68.8,8.2,31.8,6.1,1.7,5.9,0.9,5.5,1.1,2.8,0.4,2.5,0.4,440.8,26.3,20,453.6,4.4,18.4,1.1,13.2,1.3,12.7,164,22.5,149.6,49.7,188.4,7.264632355,1.357414449,0.699619772,20.16,7.36,16.76045627,9.700759494,27.52,6.235741445,5.852459016,2.2,2.44,26.8852459,0.05,12.72,0.090909091,2.615969582,1.209125475,5.28,2.36,3.032085561,1.232358004,0.501901141,2.208888889,8.373333333,0.332219251,1.259358289,37.04672
58.97503396,1.12420209,16.41740169,5.941758472,0.101279468,4.051178703,5.874209119,3.696700566,3.382734217,0.435501711,72.9,139.5,15.5,57,8.9,1.9,7.4,1,5.1,1,2.6,0.4,2.4,0.4,515.8,25.3,99.8,932.5,7.4,26.9,1.6,23.4,2.4,25.7,298.3,14.5,106,79.5,204.8,7.079434783,2.881422925,1.063241107,64.31034483,11.20833333,20.38735178,20.63449367,58.125,11.79051383,8.191011236,2.125,3.708333333,33.51685393,0.19,23.75,0.054054054,5.513833992,2.252964427,9.75,3.083333333,8.797169811,1.205172414,0.924901186,5.482758621,14.12413793,0.75,1.932075472,37.04672
58.71583415,1.124669127,16.52554366,5.953343821,0.111453697,4.10352249,5.967838881,3.718500627,3.343610918,0.435682635,74,140.8,15.5,57.5,9,1.9,7.4,1,5.3,1,2.7,0.4,2.5,0.4,534.4,26.3,102,946,7.5,27.9,1.6,23.8,2.5,21.9,299.9,15.4,107.5,85.6,195.2,7.062111545,2.813688213,1.060836502,61.42857143,11.16,20.31939163,20.10801688,56.32,11.40304183,8.222222222,2.12,3.6,33.32222222,0.19,23,0.053333333,5.353612167,2.186311787,9.52,2.96,8.8,1.18336163,0.904942966,5.558441558,12.67532468,0.79627907,1.815813953,37.04672
58.76276651,1.228879147,16.94025139,5.894262973,0.10156026,3.453048844,5.931119191,3.76788565,3.453048844,0.467177197,80,150.8,16.5,60.2,9.4,2.1,8,1.1,5.4,1.1,2.7,0.4,2.4,0.4,569,27,99.9,1032.9,8,27.8,1.6,23.2,2.5,18.2,310,14.2,112,67.1,105.4,7.220934494,2.962962963,1.02962963,72.73943662,11.58333333,21.07407407,22.64416315,62.83333333,11.48148148,8.510638298,2.25,3.916666667,32.9787234,0.18,25.08333333,0.05,5.585185185,2.22962963,9.666666667,3.333333333,9.222321429,1.217465753,0.859259259,4.725352113,7.422535211,0.599107143,0.941071429,37.04672
63.34953746,0.885793918,15.66938897,4.690610715,0.091633854,2.779560226,4.520603444,3.594083369,4.092978794,0.325809257,84,157.2,17.4,64.1,9.9,2.1,8.2,1.1,5.7,1.1,2.8,0.4,2.5,0.4,577.5,27.9,104.5,1032.5,8.4,28.9,1.7,23.3,2.5,21.7,337.9,14.7,115.6,35.8,93.1,7.687062162,3.010752688,1.035842294,70.23809524,11.56,20.69892473,22.82531646,62.88,12.11111111,8.484848485,2.28,3.96,34.13131313,0.18,25.64,0.047619048,5.634408602,2.297491039,9.32,3.28,8.9316609,1.700450451,0.835125448,2.43537415,6.333333333,0.309688581,0.805363322,36.38514
58.83509684,1.221278606,17.15896441,6.053143246,0.111950539,3.104083123,5.770541413,3.694367783,3.5620626,0.488511442,81.4,152.1,17.3,63.6,10,2.1,8.3,1.2,6,1.2,3.1,0.4,2.8,0.4,548.4,29.8,74.2,1047.6,7.8,28.9,1.7,25.2,2.4,20.9,312.5,13.1,106.1,29.6,87.3,7.256430383,2.731543624,0.969798658,79.96946565,10.32142857,18.40268456,19.74894515,54.32142857,10.48657718,8.14,2.142857143,3.571428571,31.25,0.14,22.71428571,0.051282051,5.104026846,2.134228188,9,2.964285714,9.873704053,1.257495591,0.845637584,2.259541985,6.664122137,0.278982092,0.822808671,36.38514
59.67116755,1.193828039,16.76417847,5.889928691,0.101171868,3.025038843,5.534101162,3.713007544,3.632070049,0.475507778,80.5,153.7,17,62.7,9.8,2.1,8.2,1.1,5.8,1.2,3,0.4,2.7,0.4,545.8,28.9,102.9,1063.3,8,29.7,1.7,24.6,2.5,21.4,323.6,13.7,108.7,35.8,105.7,7.345077593,2.785467128,1.027681661,77.61313869,11,18.88581315,20.25394593,56.92592593,11.19723183,8.214285714,2.148148148,3.62962963,33.02040816,0.19,23.22222222,0.05,5.3183391,2.169550173,9.111111111,3.037037037,9.781968721,1.327239488,0.851211073,2.613138686,7.715328467,0.329346826,0.972401104,36.38514
54.83646398,1.100675096,16.92547553,6.857965937,0.124604728,6.012178118,8.587342494,3.302025288,1.910605827,0.342663002,64.25,129.03,15.7,45.64,9.16,2.58,7.07,0.96,5.17,0.99,2.78,0.4,2.61,0.38,410.8,24.71,28.16,376.4,4.35,15.06,0.89,4.28,1.34,10.63,182.49,19.34,116.97,87.59,175.1,5.212631115,2.600161878,0.60946985,19.4622544,5.770114943,16.62484824,16.72284463,49.43678161,7.385269122,7.01419214,1.980842912,3.509578544,19.92248908,0.07,17.48659004,0.087356322,5.221772562,1.847025496,1.639846743,2.708812261,3.217919125,0.607013301,0.173209227,4.528955533,9.05377456,0.748824485,1.496965034,36.06784
55.94791115,1.158957646,16.92283289,7.35518214,0.133331411,4.96403098,6.830670729,3.558923037,2.861497197,0.266662821,48,88.3,9.8,35.2,6.61,1.46,5.76,0.88,4.91,0.98,2.84,0.4,2.59,0.36,397,27.2,78.4,527,5.54,24,1.31,19.4,1.87,14.5,241,19.6,115,44.2,130,6.420420234,1.764705882,0.882352941,26.8877551,9.266409266,14.59558824,12.58980499,34.09266409,8.860294118,7.26172466,1.895752896,2.552123552,36.45990923,0.2,13.59073359,0.064981949,3.246323529,1.294117647,7.49034749,2.223938224,4.582608696,0.93993994,0.713235294,2.255102041,6.632653061,0.384347826,1.130434783,37.11004
55.27237394,1.245374976,16.86824968,7.133501787,0.131624997,4.940999905,7.188749861,4.16137492,2.713499948,0.344249993,39.3,76,8.2,30.2,5.75,1.42,4.92,0.8,4.42,0.84,2.46,0.34,2.19,0.31,476,25.5,78.4,478,4.23,23.7,1.21,12.4,1.78,11,210,20.8,142,60.2,129,6.874874867,1.541176471,0.929411765,22.98076923,10.82191781,18.66666667,12.19062482,34.70319635,8.235294118,6.834782609,2.01826484,2.625570776,36.52173913,0.16,13.78995434,0.073286052,2.980392157,1.184313725,5.662100457,2.246575342,3.366197183,0.956338028,0.48627451,2.894230769,6.201923077,0.423943662,0.908450704,37.11004
55.80433438,1.206963975,16.6642169,6.881207928,0.131853207,4.736572911,6.805654012,4.381583507,3.042766324,0.34484685,41.9,81.2,8.8,31.5,6.11,1.39,5.21,0.81,4.36,0.85,2.55,0.33,2.25,0.33,459,25.4,86.3,482,4.51,24,1.25,14.2,1.96,11.9,209,20.4,134,54.7,119,7.424349831,1.649606299,0.94488189,23.62745098,10.66666667,18.07086614,12.65053915,36.08888889,8.228346457,6.857610475,1.937777778,2.715555556,34.20621931,0.19,14,0.073170732,3.196850394,1.24015748,6.311111111,2.315555556,3.597014925,1.090909091,0.559055118,2.681372549,5.833333333,0.408208955,0.888059701,37.11004
58.58483967,1.148521275,16.77661433,6.0160939,0.112801197,3.886513957,6.009227384,3.671166218,3.332762628,0.461459441,73.6,143.5,15.1,54.8,9.39,1.97,7.05,1.01,5.22,0.95,2.87,0.37,2.52,0.35,550,25.9,96.4,1012,8.09,29.1,1.65,24.2,2.83,21.2,331,14.9,103,57.1,60,7.003928846,2.841698842,1.123552124,67.91946309,11.54761905,21.23552124,19.84060009,56.94444444,12.77992278,7.838125666,2.071428571,3.726190476,35.25026624,0.18,21.74603175,0.043263288,5.540540541,2.115830116,9.603174603,2.797619048,9.825242718,1.16552901,0.934362934,3.832214765,4.026845638,0.554368932,0.582524272,37.11004
58.20979773,1.156215001,16.71907356,6.039625146,0.112551903,3.86769266,6.077802751,4.021172527,3.335629119,0.460439602,73,144.3,15.1,55.1,9.2,1.9,6.91,1.03,5.23,0.95,2.87,0.38,2.5,0.35,554,26.3,96.1,1005,8,29.4,1.63,23.1,2.87,21.8,334,16.4,106,54.6,60,7.356801646,2.775665399,1.117870722,61.2804878,11.76,21.06463878,19.83628692,57.72,12.69961977,7.934782609,2.092,3.68,36.30434783,0.17,22.04,0.04375,5.486692015,2.095057034,9.24,2.764,9.481132075,1.21043771,0.878326996,3.329268293,3.658536585,0.51509434,0.566037736,37.11004
59.2742371,1.086948307,16.50739251,5.74024918,0.111742349,3.758606294,5.749651791,3.860190248,3.474171223,0.436811002,69.5,136.5,14.1,50.9,8.73,1.81,6.47,0.95,4.72,0.9,2.56,0.34,2.17,0.31,553,27.6,111.6,933,6.86,30.4,1.47,16.5,2.57,17.8,336,16.8,111,62.8,73,7.334361471,2.518115942,1.101449275,55.53571429,14.00921659,20.03623188,21.7571798,62.90322581,12.17391304,7.961053837,2.175115207,4.023041475,38.48797251,0.2,23.4562212,0.045189504,4.945652174,1.844202899,7.603686636,2.98156682,8.405405405,1.275618374,0.597826087,3.738095238,4.345238095,0.565765766,0.657657658,37.11004
59.56274188,1.085911294,16.72506366,5.698245427,0.11163574,3.602789806,5.683274059,3.592641102,3.501302769,0.436394258,70.8,138.4,14.2,50.3,8.41,1.73,6.29,0.95,4.69,0.86,2.49,0.34,2.1,0.32,555,27,111.9,914,6.67,30.8,1.44,16.4,2.54,17.3,339,16.8,108,93.2,63,7.093943871,2.622222222,1.140740741,54.4047619,14.66666667,20.55555556,22.90295359,65.9047619,12.55555556,8.418549346,2.233333333,4.004761905,40.30915577,0.2,23.95238095,0.047976012,5.125925926,1.862962963,7.80952381,2.995238095,8.462962963,1.248214286,0.607407407,5.547619048,3.75,0.862962963,0.583333333,37.11004
58.4792864,1.122051544,16.70836754,5.910877772,0.112205154,3.835376188,5.926472248,4.029185091,3.417156976,0.459021086,70.5,139.8,14.5,52.8,8.79,1.82,6.8,0.97,5,0.91,2.68,0.36,2.36,0.33,551,26.3,98.8,968,7.56,29.6,1.49,19.3,3.11,19.7,330,15.6,109,59,59,7.446342067,2.680608365,1.125475285,62.05128205,12.54237288,20.95057034,20.29339198,59.23728814,12.54752852,8.020477816,2.118644068,3.724576271,37.54266212,0.18,22.37288136,0.043650794,5.315589354,2.007604563,8.177966102,2.881355932,8.880733945,1.256454389,0.733840304,3.782051282,3.782051282,0.541284404,0.541284404,37.11004
58.36921503,1.119744272,16.88777951,5.880404227,0.111974427,3.929284444,5.934644639,3.919104951,3.389771295,0.458077202,73.7,140.7,14.9,54.1,9.18,1.85,6.76,1.02,5.21,0.98,2.86,0.38,2.46,0.37,550,25.5,96.5,992,7.86,28.7,1.67,25.6,3.53,22.6,324,15.5,100,57.2,60,7.308876246,2.890196078,1.125490196,64,11.66666667,21.56862745,20.352132,57.19512195,12.70588235,8.02832244,2.117886179,3.731707317,35.29411765,0.18,21.99186992,0.047073791,5.517647059,2.121568627,10.40650407,2.74796748,9.92,1.231560892,1.003921569,3.690322581,3.870967742,0.572,0.6,37.11004
55.58978138,1.214583522,16.35170709,7.400553766,0.130492445,6.00265245,7.16704657,3.44299296,2.429167045,0.271022769,45.08,84.69,9.65,36.08,6.05,1.38,5.24,0.8,4.45,0.91,2.48,0.36,2.31,0.35,450.2,23.15,80.29,523.1,4.74,16.78,1.05,20.67,2.04,14.51,179.1,22.78,140,73.73,179.3,5.872160005,1.947300216,0.724838013,22.96312555,7.264069264,19.44708423,13.25712824,36.66233766,7.73650108,7.451239669,1.926406926,2.619047619,29.60330579,0.18,15.61904762,0.073839662,3.658315335,1.558531317,8.948051948,2.268398268,3.736428571,0.819327731,0.89287257,3.236611062,7.870939421,0.526642857,1.280714286,37.57242
54.50026829,1.503661705,17.27717257,7.718986619,0.129454319,4.869473998,7.060239396,3.923461667,2.58908638,0.428195055,50.5,94.17,10.95,41,7.01,1.81,6.33,0.94,5.29,1.07,2.81,0.41,2.56,0.38,537.5,26.52,66.14,654.1,5.74,25.32,1.49,15.25,1.67,11.69,230.2,20.76,148.1,38.83,55.53,6.512548047,1.904223228,0.954751131,31.50770713,9.890625,20.26772247,13.40074499,36.78515625,8.680241327,7.203994294,2.06640625,2.73828125,32.83880171,0.12,16.015625,0.066202091,3.550904977,1.546003017,5.95703125,2.47265625,4.416610398,0.922425952,0.575037707,1.870423892,2.674855491,0.262187711,0.374949359,36.87716
54.59855229,1.58372889,16.26830372,8.484526818,0.130306807,5.242343097,7.507676825,3.638567006,2.235262927,0.310731618,38.66,73.98,8.73,32.85,5.96,1.65,5.77,0.91,5.32,1.08,2.9,0.39,2.45,0.37,417.3,25.88,68.39,432.4,4.72,18.42,1.15,16.48,1.65,11.4,176.3,22.62,151.6,43.7,139.1,5.873829933,1.49381762,0.711746522,19.1158267,7.518367347,16.1244204,10.71946956,30.19591837,6.812210201,6.486577181,2.171428571,2.432653061,29.58053691,0.16,13.40816327,0.078389831,2.858578053,1.269319938,6.726530612,2.355102041,2.852242744,0.782376502,0.636785162,1.931918656,6.149425287,0.288258575,0.917546174,36.15785
58.96003524,1.288034639,16.70451125,6.123242789,0.109832411,3.604500038,5.631407261,3.874088683,3.24504851,0.459299174,65.45,124.5,13.55,47.25,7.59,1.6,6.25,0.91,4.95,0.96,2.59,0.38,2.49,0.38,491.9,25.28,93.7,727.9,6.1,25.63,1.53,23.16,2.41,18.26,242.2,14.31,102.4,29.1,59.5,7.119137193,2.589003165,1.013844937,50.8665269,10.29317269,19.45806962,17.85615034,50,9.580696203,8.623188406,1.987951807,3.048192771,31.91040843,0.19,18.97590361,0.062295082,4.924841772,1.869066456,9.301204819,2.510040161,7.108398438,1.264184397,0.916139241,2.033542977,4.157931516,0.284179688,0.581054688,36.07164
59.02116676,1.256197147,16.59185192,6.177147475,0.110545349,3.567599898,5.597614488,3.848988059,3.376657932,0.452230973,65.1,121.3,13.54,49.06,7.97,1.72,6.48,0.97,5.37,1.05,2.82,0.41,2.61,0.4,513.5,26.81,98.9,776.3,6.6,26.48,1.63,22.97,2.6,19.29,255.7,15.19,109.5,30.91,62.09,7.225645991,2.428198433,0.98769116,51.10599078,10.14559387,19.15330101,16.9440807,46.47509579,9.537486013,8.168130489,2.057471264,3.053639847,32.08281054,0.19,18.79693487,0.060606061,4.524431182,1.829914211,8.800766284,2.482758621,7.089497717,1.290843806,0.856769862,2.034891376,4.087557604,0.282283105,0.567031963,36.07164
58.67815074,1.302845362,16.75659573,6.225199588,0.110240761,3.718120226,5.742541482,3.828360987,3.176938306,0.46100682,67.47,128.9,14.27,52.81,8.69,1.96,6.97,1.02,5.62,1.12,3.08,0.42,2.69,0.42,550.5,27.28,97.89,839.4,7.33,27.68,1.71,24.09,2.68,20.58,277.3,15.88,112.4,35.68,67.7,7.005299294,2.473240469,1.014662757,52.85894207,10.28996283,20.17961877,17.03868053,47.91821561,10.16495601,7.764096663,2.089219331,3.230483271,31.91024166,0.18,19.63197026,0.057298772,4.725073314,1.93585044,8.955390335,2.591078067,7.46797153,1.219895288,0.883064516,2.246851385,4.263224181,0.317437722,0.602313167,36.07453
55.17494928,1.372860162,17.28601299,7.607513189,0.130271402,4.890188022,6.904384318,3.737787156,2.58538629,0.31064719,42.74,80.71,9.29,33.87,5.95,1.47,5.54,0.81,4.73,0.97,2.58,0.37,2.37,0.35,422.7,24.98,69.2,441.6,5.11,21.5,1.32,18.7,1.88,13.15,201.6,21.24,139.9,40.87,97.01,6.323173446,1.710968775,0.860688551,20.79096045,9.071729958,16.92153723,12.2507789,34.05485232,8.070456365,7.183193277,1.995780591,2.510548523,33.88235294,0.16,14.29113924,0.068493151,3.230984788,1.355884708,7.890295359,2.337552743,3.156540386,0.915820029,0.748598879,1.924199623,4.5673258,0.292137241,0.693423874,37.12748
55.42180879,1.370786749,17.14984298,7.486903033,0.120068912,4.792750751,6.963996916,3.782170739,2.601493101,0.310178024,43.67,81.28,9.34,34.65,6.11,1.48,5.55,0.84,4.86,0.98,2.63,0.39,2.47,0.36,436.7,25.33,69.22,448.8,5.07,21.37,1.33,19.47,1.91,13.06,202.6,21.04,139,42.09,92.83,6.38366384,1.724042637,0.84366364,21.33079848,8.651821862,17.24042637,12.01057415,32.90688259,7.998420845,7.147299509,1.967611336,2.473684211,33.15875614,0.16,14.02834008,0.071005917,3.208843269,1.36794315,7.882591093,2.246963563,3.228776978,0.916666667,0.76865377,2.000475285,4.412072243,0.302805755,0.667841727,37.12748
58.83080068,1.207963157,16.5221407,6.06838561,0.109814832,4.053165633,5.910034618,3.62388947,3.24452914,0.429276163,71.41,141.3,15.1,54.24,8.88,1.91,7.2,0.99,5.43,1,2.72,0.39,2.44,0.37,517.9,25.97,99.24,966,8.03,27.25,1.65,23.28,2.49,19.37,319.7,16.55,114.7,54.07,63.25,6.86841861,2.749711205,1.04928764,58.36858006,11.16803279,19.94224105,19.88138964,57.90983607,12.31035811,8.041666667,2.225409836,3.639344262,36.00225225,0.19,22.2295082,0.04607721,5.440893338,2.088563727,9.540983607,2.950819672,8.421970357,1.162162162,0.896418945,3.267069486,3.821752266,0.471403662,0.551438535,37.1102
62.32391235,1.024502669,16.28155712,5.163194135,0.100441438,2.772183692,5.052204337,3.63598006,3.264346739,0.381677465,76.97,144.5,15.53,54.71,8.48,2,6.97,0.96,5.23,1.02,2.66,0.4,2.45,0.38,563.7,25.38,94.79,977.3,7.83,23.09,1.43,22.81,2.52,26.32,301.5,13.19,94.25,16.42,48.84,6.900326799,3.032702916,0.909771474,74.09401061,9.424489796,22.21040189,21.34189271,58.97959184,11.87943262,9.076650943,2.134693878,3.46122449,35.55424528,0.17,22.33061224,0.04853129,5.693459417,2.155634358,9.310204082,2.844897959,10.36923077,1.365805169,0.898739165,1.244882487,3.702805155,0.174217507,0.518196286,35.40044
61.59199951,1.066092741,16.52443749,5.318895595,0.090517308,2.936783778,5.260061356,3.369255362,3.449715191,0.392241669,81.4,148.7,16.39,56.81,9.18,1.83,7.32,1,5.57,1.06,2.78,0.39,2.47,0.36,581.6,25.48,88.12,1022,7.91,23.32,1.43,22.84,2.5,24.59,306.2,13.22,99.68,14.29,48.34,6.818970553,3.19466248,0.91522763,77.30711044,9.441295547,22.82574568,22.38746818,60.20242915,12.01726845,8.867102397,2.255060729,3.71659919,33.35511983,0.15,23,0.04551201,5.835949765,2.229591837,9.246963563,2.963562753,10.25280899,1.296367113,0.896389325,1.080937973,3.656580938,0.143358748,0.484951846,35.38895
55.82087764,1.214298622,18.07113886,6.679205546,0.112624661,3.040865858,8.262554706,3.911147333,2.36511789,0.522168885,29.2,59.3,7.37,29,6.16,1.79,5.29,0.77,4.23,0.79,2.14,0.29,1.93,0.29,855,21.8,53,1191,3.1,9.5,0.49,4.43,1.75,9,153,21,231,50,180,6.276265223,1.339449541,0.435779817,56.71428571,4.922279793,39.22018349,10.27786887,30.7253886,7.018348624,4.74025974,2.191709845,3.191709845,24.83766234,0.06,15.02590674,0.093548387,2.720183486,1.330275229,2.295336788,2.740932642,5.155844156,0.75960347,0.203211009,2.380952381,8.571428571,0.216450216,0.779220779,34.24409
56.00825907,1.208731701,18.23665147,7.489251295,0.148952782,2.797896859,7.598604779,3.774141447,2.224227359,0.513283237,30.3,61,7.24,28.7,5.92,1.78,5.19,0.74,4.12,0.77,2.07,0.27,1.81,0.29,856,22,46,1224,3,9.4,0.46,4.4,1.65,8,149,21,219,60,200,5.998368806,1.377272727,0.427272727,58.28571429,5.193370166,38.90909091,11.37212392,33.70165746,6.772727273,5.118243243,2.276243094,3.270718232,25.16891892,0.05,15.85635359,0.096666667,2.772727273,1.304545455,2.430939227,2.867403315,5.589041096,0.789403974,0.2,2.857142857,9.523809524,0.273972603,0.913242009,34.24409
55.46769015,1.222549016,18.7199637,7.464949437,0.145565786,2.809521468,7.390262992,3.91907886,2.34126789,0.519150706,30.9,61.6,7.39,29.6,6.02,1.76,5.12,0.76,4.25,0.8,2.11,0.3,1.91,0.28,874,22,47,1261,3.1,9.7,0.49,4.52,1.72,8,149,21,217,60,190,6.26034675,1.404545455,0.440909091,60.04761905,5.078534031,39.72727273,10.99012526,32.2513089,6.772727273,5.132890365,2.22513089,3.151832461,24.75083056,0.05,15.4973822,0.090322581,2.8,1.345454545,2.366492147,2.680628272,5.811059908,0.847107438,0.205454545,2.857142857,9.047619048,0.276497696,0.875576037,34.24409
69.35687263,0.974435401,6.660552562,5.365126677,0.05731973,3.186976957,12.82815545,0.504413619,0.882723834,0.183423134,58.44854339,116.1443071,13.45011874,51.24789451,10.21931491,3.189736335,9.227511784,1.263434476,6.484574899,1.14761359,2.746450647,0.369098243,2.097532566,0.285672592,1075.464298,31.44849779,60.93701689,750.0657767,7.065758461,72.10073097,3.184405283,8.559488309,2.001974339,6.895901775,339.5641342,17.85204468,191.7761189,259.8104958,461.4663666,1.387137453,1.858548023,2.292660573,42.01567888,34.37406987,34.19763657,18.92964677,55.37187312,10.79746754,5.719418954,3.091525254,4.872064957,33.22768084,0.06,24.43246667,0.040430563,3.693159142,1.629581637,4.080741557,4.399222178,3.911153177,0.108132261,0.272174791,14.55354277,25.84949651,1.354759379,2.406276492,30.46834
55.05187823,0.941582599,20.27472965,5.350479662,0.214926463,1.054163127,3.346712062,8.566354728,4.902370268,0.29680321,136.5911203,231.5765094,22.40879889,68.27117579,9.724071486,2.571642608,7.905654596,1.124876988,6.740781068,1.296252078,3.864781928,0.604673793,3.826322939,0.581320787,612.3530815,35.61565516,123.7436983,610.0018598,13.47274693,190.2028768,14.520776,21.05596468,5.435740056,14.72212733,799.4801439,5.955750415,44.78827317,11.18774729,17.97218697,13.468725,3.835142711,5.340428976,102.4223343,49.70904961,17.19336844,24.25037036,60.52194577,22.44743612,14.04670055,1.761686396,2.54136194,82.21660495,0.2,17.84250229,0.043147904,6.50209882,1.916886703,5.502924091,2.0661232,13.61967802,4.024464832,0.591199701,1.878478195,3.017619228,0.249791887,0.401269924,26.4816
57.43898599,0.581221765,21.21969285,3.303052699,0.173346842,0.479253034,2.16173709,9.595257557,4.925089692,0.122362477,138.9249661,221.4124879,19.7056296,57.12465442,7.446749075,2.13442279,5.874724815,0.865206607,5.313501542,1.036465842,3.183962412,0.523296819,3.668776598,0.57835706,708.133458,30.78009674,135.5056935,774.687288,17.33262663,218.2491258,12.00669423,28.69973301,8.37377996,14.62101456,957.3878508,5.032190969,20.02741191,3.162141059,3.67997589,14.52034725,4.513467494,7.090592588,153.9463213,59.48825718,23.00621288,25.72388518,60.35049614,31.10412092,18.6557872,1.448303379,2.029763567,128.5645375,0.19,15.57049139,0.033368114,7.193365563,1.85589587,7.822698451,1.601276245,38.68134792,6.716981132,0.932412047,0.628382563,0.731287011,0.157890649,0.183746952,28.07018
57.14090386,0.928539688,18.83609081,7.574588012,0.285704519,0.999965817,3.836603545,6.540592745,3.561102758,0.295908252,117.381213,213.0210268,22.27095412,75.00438662,11.42401432,3.206563424,8.424507129,1.199375614,6.869160354,1.311166959,3.709752067,0.586165916,3.652478851,0.567933683,897.4451756,36.8238143,86.89626242,897.8718523,14.22333561,184.6286339,11.77202875,17.03640233,4.960516939,7.764281006,730.494298,3.819653001,2.079490831,0.644983357,0.645422777,10.1016955,3.187644062,5.013837849,235.0663403,50.54885776,24.3713258,21.83174315,58.32231629,19.8375511,10.27495324,1.880684498,3.12774277,63.94374845,0.1,20.5352008,0.039929711,5.784871308,2.036844581,4.664339761,2.306517703,431.7748551,2.632978723,0.462646324,0.168859149,0.168974191,0.310164078,0.31037539,27.57843
57.42010548,0.581340322,21.26481704,3.303726453,0.173382201,0.469151839,2.162178039,9.576816882,4.926094307,0.122387436,142.4257693,229.1230348,20.47059151,59.86234565,8.029696537,2.162658312,5.899669137,0.875303987,5.090735788,1.063448878,3.197762144,0.542339703,3.645942858,0.572548416,738.050488,31.95501751,138.9999109,783.799715,17.83919674,234.2361977,11.66270193,28.98669741,8.863279038,15.50959625,970.9094878,5.234228823,20.02520972,2.994969962,4.049670517,14.50291119,4.457070607,7.33018524,149.7450229,64.24571279,23.09654463,26.53727019,62.84328738,30.38363185,17.73737882,1.396274156,2.202364889,120.914842,0.19,16.41889299,0.032094966,7.170173971,1.873331649,7.950398166,1.618146352,39.14064951,6.70754717,0.90710942,0.572189345,0.773690004,0.14955998,0.20222862,28.07018
54.98860147,1.462300759,17.50698965,9.347507793,0.192942461,1.868495415,4.640773937,5.50393758,3.686216497,0.802234444,92,202,23,87,17,5,15,1.8,11,1.9,4.9,0.6,3.9,0.5,575,52,58,886,12.1,104,4.7,9.2,2,9.4,679,14,36,2,2,9.190154076,1.769230769,2,63.28571429,26.66666667,11.05769231,16.02510008,51.79487179,13.05769231,5.411764706,2.820512821,4.358974359,39.94117647,0.1,22.30769231,0.041322314,3.884615385,1.673076923,2.358974359,3.846153846,24.61111111,1.980306346,0.176923077,0.142857143,0.142857143,0.055555556,0.055555556,7.08168
55.10462908,1.9615558,16.27588351,9.567247997,0.171007429,2.575170691,5.260993248,5.049748777,2.927244809,1.106518656,70,157,20,81,17,4.9,15,2,11,1.9,5.1,0.7,4,0.6,463,48,37,553,11.9,63,4.1,7.4,1.9,8,510,14,98,1,1,7.976993586,1.458333333,1.3125,39.5,15.75,9.645833333,11.88818565,39.25,10.625,4.117647059,2.75,4.25,30,0.08,20.25,0.050420168,3.270833333,1.6875,1.85,3.75,5.642857143,1.51625239,0.154166667,0.071428571,0.071428571,0.010204082,0.010204082,7.07987
55.17671524,1.973126623,16.35165447,9.46890312,0.172016167,2.448700732,5.28190819,5.028943238,2.984986429,1.113045787,76,171,21,84,17,5,15,1.9,11,1.8,4.8,0.6,3.8,0.5,527,50,38,599,10.4,73,3.7,7.3,2,7.6,554,13,119,2,1,8.013929667,1.52,1.46,46.07692308,19.21052632,10.54,13.58649789,45,11.08,4.470588235,2.894736842,4.473684211,32.58823529,0.07,22.10526316,0.048076923,3.42,1.68,1.921052632,3.947368421,5.033613445,1.517241379,0.146,0.153846154,0.076923077,0.016806723,0.008403361,7.07987
57.28866639,0.518857211,19.58674284,4.807390404,0.282010879,0.994887586,1.317034338,9.854764866,4.556995747,0.792649743,111.4149024,205.2158231,21.44607587,70.04614412,12.75984382,3.224582444,9.756186557,1.708987432,10.45237386,2.009942667,5.606650884,0.904996961,5.876276896,0.878206615,881.6902762,52.76363047,163.2910008,667.1222984,32.01765634,246.4038266,17.71140785,33.14828237,7.329584764,20.99235009,1074.085972,12.09084664,2.8,10,6.8,14.41176061,2.111585223,4.669955884,55.17581343,41.93196321,16.71018973,12.88008005,34.92276262,20.35655929,8.731682297,1.778740867,2.171416365,84.17704693,0.19,11.92015716,0.027428823,3.889342361,1.327545953,5.641034784,1.66026665,238.2579637,10.94258532,0.628241121,0.827071941,0.56240892,3.571428571,2.428571429,7.0689
54.97,1.62,13.7,8.48,0.07,5.24,7.83,3.81,3.61,0.68,134,217,23.5,74.7,13.6,2.14,6.01,0.85,4.31,0.81,2.03,0.28,1.84,0.27,866,17.6,111,1188,13.5,40.9,1.68,28.2,6.58,37.2,315,14.2,142.6,95.3,51.3,7.419221335,7.613636364,2.323863636,83.66197183,22.22826087,49.20454545,49.21217865,117.9347826,17.89772727,9.852941176,2.342391304,7.391304348,23.16176471,0.13,40.59782609,0.02,12.32954545,4.244318182,15.32608696,3.266304348,8.330995792,0.947164948,1.602272727,6.711267606,3.612676056,0.668302945,0.359747546,56.29971
61.14,1.39,15.3,6.55,0.11,2.52,4.33,3.27,4.71,0.67,215,427,46.4,156,24.6,4.31,15.21,2.02,8.91,1.47,3.26,0.47,2.97,0.49,1037,24.5,165,1686,12.8,48.6,2.71,39.1,4.82,32.8,545,7.68,61,10.5,12.2,7.987670985,8.775510204,1.983673469,219.53125,16.36363636,42.32653061,48.91787998,143.7710438,22.24489796,8.739837398,3,8.282828283,22.15447154,0.16,52.52525253,0.03828125,17.42857143,6.367346939,13.16498316,5.121212121,27.63934426,1.844186047,1.595918367,1.3671875,1.588541667,0.172131148,0.2,75.52299
59.98,1.34,14.71,5.1,0.08,3.14,7.6,3.13,4.32,0.59,125,236,24.4,86.5,13.3,2.67,9.16,1.19,5.86,1.01,2.29,0.31,1.86,0.25,1023,18.2,124,1423,7.04,32.4,2.61,22.8,3.76,37.2,429,12.7,84.7,36.3,55.9,7.452703994,6.868131868,1.78021978,112.0472441,17.41935484,56.20879121,45.41326067,126.8817204,23.57142857,9.398496241,3.150537634,7.150537634,32.2556391,0.12,46.50537634,0.035511364,12.96703297,4.752747253,12.25806452,4.924731183,16.80047226,0.98015873,1.252747253,2.858267717,4.401574803,0.428571429,0.659976387,57.44934
58.05,1.06,13.86,8.35,0.08,3.64,6.3,3.51,4.69,0.45,187,376,38.9,118,20.4,3.73,12.86,1.67,7.95,1.33,2.93,0.41,2.65,0.4,994,28.4,149,1755,13.5,45.8,2.19,34.2,4.49,36.2,521,10.4,75.3,46.8,69.6,8.205407697,6.584507042,1.612676056,168.75,17.28301887,35,47.68495193,141.8867925,18.34507042,9.166666667,3,7.698113208,25.53921569,0.15,44.52830189,0.02962963,13.23943662,4.154929577,12.90566038,4.852830189,23.30677291,1.302884615,1.204225352,4.5,6.692307692,0.621513944,0.924302789,75.52299
57.03,1.19,14.39,5.96,0.12,4.3,5.19,3.58,7.4,0.85,166,297,32.2,103,16.9,3.31,10.06,1.29,6.5,1.08,2.21,0.24,1.27,0.18,1507,20.4,136,2004,12.1,28.9,1.26,40,6.27,36.5,472,11.5,125.4,72.8,68.7,10.98447474,8.137254902,1.416666667,174.2608696,22.75590551,73.87254902,88.32628891,233.8582677,23.1372549,9.822485207,5.118110236,13.30708661,27.92899408,0.09,81.1023622,0.014876033,14.55882353,5.049019608,31.49606299,7.921259843,15.98086124,2.118446602,1.960784314,6.330434783,5.973913043,0.580542265,0.54784689,75.52299
56.48,1.7,14.64,8.17,0.11,4.17,7.33,2.62,3.9,0.89,203,369,37.5,125,22.7,4.28,15.67,1.85,8.84,1.27,2.87,0.43,2.86,0.47,1012,28.6,102,1673,11,38.8,2.27,37.9,7.38,35.3,394,11.3,98.3,56.2,68.7,6.518668012,7.097902098,1.356643357,148.0530973,13.56643357,35.38461538,47.96402508,129.020979,13.77622378,8.942731278,3.090909091,7.937062937,17.35682819,0.1,43.70629371,0.042727273,12.9020979,4.370629371,13.25174825,5.479020979,17.01932859,0.889807163,1.325174825,4.973451327,6.079646018,0.571719227,0.698880977,54.79096
55.45,1.53,14.1,6.8,0.13,5.55,6.52,3.88,5.34,0.7,130.1,263.3,31.2,108.5,14.9,3.54,11.28,1.44,5.83,0.92,2.31,0.3,1.71,0.24,1720,25.7,113.8,3189,9.6,37.3,1.74,26.4,5.83,39.2,392.5,15.2,124.1,103.6,202.3,9.218214789,5.062256809,1.451361868,209.8026316,21.8128655,66.92607004,51.41227273,153.9766082,15.27237354,8.731543624,3.409356725,8.713450292,26.34228188,0.07,63.4502924,0.025,10.24513619,4.221789883,15.43859649,6.596491228,25.69701853,1.414219474,1.027237354,6.815789474,13.30921053,0.834810637,1.630136986,71.36255
55.13,1.65,14.24,6.87,0.13,5.81,7.38,3.25,4.28,1.25,103.8,236.4,28.7,90.1,18.3,3.46,13.75,1.41,8.52,1.33,2.82,0.34,2.19,0.26,1820,21.8,117.4,1729,14.2,54.7,2.1,43.7,3.36,23.8,525,16.2,151.8,132.6,182.5,7.537131456,4.76146789,2.509174312,106.7283951,24.97716895,83.48623853,32.02866634,107.9452055,24.08256881,5.672131148,3.890410959,8.356164384,28.68852459,0.06,41.14155251,0.018309859,10.8440367,4.133027523,19.9543379,6.278538813,11.38998682,1.021857923,2.004587156,8.185185185,11.2654321,0.873517787,1.202239789,57.07217
56.95,1.16,13.61,7.83,0.14,6.17,4.87,3.07,4.88,1.32,61.5,136.3,15.6,57.1,10.9,2.27,10.52,1.38,6.58,1.05,2.66,0.34,1.98,0.24,2280,33.4,103.2,2854,11.6,48.7,2.03,65.9,4.35,31.8,551,27.5,180.2,219.3,367.1,7.94851621,1.841317365,1.458083832,103.7818182,24.5959596,68.26347305,20.98918339,68.83838384,16.49700599,5.642201835,3.323232323,5.505050505,50.55045872,0.05,28.83838384,0.020689655,4.080838323,1.709580838,33.28282828,5.313131313,15.83795782,1.631469979,1.973053892,7.974545455,13.34909091,1.216981132,2.03718091,57.07217
56.01,1.37,14.64,6.97,0.11,5.72,6.48,3.19,4.54,0.95,115.2,264.1,31.9,101.4,21.7,4.48,14.17,1.56,7.32,1.16,2.35,0.31,1.77,0.23,1483,26.9,81.5,2516,13.8,46.9,2.55,48.7,5.52,18.9,382,17.8,156.4,172.1,253,7.739516885,4.282527881,1.743494424,141.3483146,26.49717514,55.13011152,43.98097261,149.2090395,14.20074349,5.30875576,4.13559322,12.25988701,17.60368664,0.05,57.28813559,0.016666667,9.817843866,3.769516729,27.51412429,8.005649718,16.08695652,1.194401244,1.810408922,9.668539326,14.21348315,1.100383632,1.617647059,57.07217
54.68,1.66,13.31,8.57,0.14,5.99,7.77,3.73,3.51,0.66,76.5,126.1,13.5,46.7,9.63,2.04,6.71,0.86,4.65,0.86,1.96,0.28,1.67,0.23,760,24.6,89.7,1071,8.39,20.3,1.47,48.3,4.16,27.5,317.1,26.7,201.9,340.8,395.4,7.238256761,3.109756098,0.825203252,40.11235955,12.15568862,30.89430894,30.95498377,75.50898204,12.8902439,7.943925234,2.784431138,5.766467066,32.92834891,0.12,27.96407186,0.027413588,5.12601626,1.898373984,28.92215569,4.017964072,5.304606241,0.931168831,1.963414634,12.76404494,14.80898876,1.687964339,1.958395245,56.54847
57.68,1.36,13.14,6.55,0.11,5.73,5.71,3.28,5.22,1.22,198.5,382.9,40.1,131.3,24.7,5.32,13.15,1.69,7.34,1.13,2.46,0.3,1.69,0.25,1565,35.8,231.4,3210,15.8,29.4,1.27,35.8,8.75,43.6,416,23.7,177.1,94.7,185,8.501379963,5.544692737,0.82122905,135.443038,17.3964497,43.7150838,79.37055608,226.5680473,11.62011173,8.036437247,4.343195266,14.61538462,16.84210526,0.15,77.69230769,0.015822785,10.69553073,3.667597765,21.18343195,7.781065089,18.12535291,1.488536155,1,3.995780591,7.805907173,0.534726143,1.044607566,68.12164
57.41,1.37,14.82,5.92,0.11,4.31,6.42,3.47,5.4,0.78,232.9,426.4,50.2,171.3,31.4,6.82,15.26,1.79,8.05,1.27,2.43,0.28,1.65,0.23,1329,17.3,135.9,2172,28.6,30.6,1.55,23,6.38,36.3,329,15.2,139.5,89.3,138.6,8.867996698,13.46242775,1.768786127,142.8947368,18.54545455,76.82080925,95.38304021,258.4242424,19.01734104,7.417197452,4.878787879,19.03030303,10.47770701,0.1,103.8181818,0.008041958,24.64739884,9.901734104,13.93939394,9.248484848,15.56989247,1.380877743,1.329479769,5.875,9.118421053,0.640143369,0.993548387,68.12164
57.84,1.43,14.27,5.47,0.12,4.04,6.91,3.23,5.9,0.79,135.8,277.6,28.2,86.3,15.1,3.43,9.05,1.15,5.23,0.74,1.68,0.23,1.52,0.21,1417,18.4,127.8,2823,16.7,28.5,1.03,36.1,8.34,37.5,410,14.9,128.7,91.8,163.4,9.125115699,7.380434783,1.548913043,189.4630872,18.75,77.01086957,60.37286677,182.6315789,22.2826087,8.993377483,3.440789474,9.934210526,27.15231788,0.09,56.77631579,0.01257485,15.08695652,4.690217391,23.75,5.953947368,21.93473193,1.320232897,1.961956522,6.161073826,10.96644295,0.713286713,1.26961927,68.12164
60.43,1.97,15.29,6.63,0.08,2.13,4.88,3.61,4.04,0.93,149.5,290,30.7,108,15.75,3.3,9.95,1.25,6.03,0.95,2.35,0.32,1.83,0.26,831,26,136.5,1765,12.4,46.2,2.3,25.1,4.33,32,590,9,114,17,50,7.65359273,5.75,1.776923077,196.1111111,25.24590164,31.96153846,55.20465746,158.4699454,22.69230769,9.492063492,3.295081967,8.606557377,37.46031746,0.16,59.01639344,0.020967742,11.15384615,4.153846154,13.71584699,5.43715847,15.48245614,1.567226891,0.965384615,1.888888889,5.555555556,0.149122807,0.438596491,67.39703
60.81,1.92,15.15,6.46,0.08,2.27,4.81,3.57,4.01,0.92,145.5,284,30.2,105.6,15.1,3.26,9.38,1.22,6.01,0.99,2.21,0.29,1.75,0.24,798,25.9,140,1640,12.3,45.6,2.2,25.1,4.59,36,591,9,110,19,50,7.581277416,5.617760618,1.760617761,182.2222222,26.05714286,30.81081081,56.18372908,162.2857143,22.81853282,9.635761589,3.434285714,8.628571429,39.13907285,0.18,60.34285714,0.019512195,10.96525097,4.077220077,14.34285714,5.36,14.90909091,1.577494692,0.969111969,2.111111111,5.555555556,0.172727273,0.454545455,67.39426
60.23,1.94,15.13,6.53,0.09,2.53,4.99,3.37,4.25,0.93,150.5,295,30.8,108.5,16,3.33,10.1,1.26,6.22,1.02,2.48,0.34,1.68,0.25,864,26.6,143.5,1645,12.5,45.8,2.2,25.5,4.37,33,585,9,110,17,50,7.622108146,5.657894737,1.721804511,182.7777778,27.26190476,32.48120301,60.53587648,175.5952381,21.9924812,9.40625,3.702380952,9.523809524,36.5625,0.17,64.58333333,0.02,11.09022556,4.078947368,15.17857143,6.011904762,14.95454545,1.527383367,0.958646617,1.888888889,5.555555556,0.154545455,0.454545455,67.47581
60.23,1.78,15.44,6.33,0.09,2.73,4.93,3.65,3.9,0.92,147,281,29.5,100.5,14.8,3.24,9.1,1.15,5.47,1,2.23,0.32,1.61,0.25,821,25.1,133,1565,11.6,45.8,2.3,28,5.92,36,553,9,104,28,60,7.546547828,5.856573705,1.824701195,173.8888889,28.44720497,32.70916335,61.69885085,174.5341615,22.03187251,9.932432432,3.397515528,9.192546584,37.36486486,0.16,62.42236025,0.021551724,11.19521912,4.003984064,17.39130435,5.652173913,15.04807692,1.531958763,1.115537849,3.111111111,6.666666667,0.269230769,0.576923077,67.54158
61.7,1.65,15.22,5.97,0.08,2.2,4.61,3.61,4.13,0.83,133.5,252,26.3,90.3,13.2,2.71,8.32,1.07,5.23,0.89,2.27,0.3,1.64,0.26,730,23.8,148.5,1430,10.6,42.6,2.2,27.7,6.33,39,492,9,95,22,50,7.737222639,5.609243697,1.789915966,158.8888889,25.97560976,30.67226891,55.00764272,153.6585366,20.67226891,10.11363636,3.18902439,8.048780488,37.27272727,0.2,55.06097561,0.024528302,10.58823529,3.794117647,16.8902439,5.073170732,15.05263158,1.677631579,1.163865546,2.444444444,5.555555556,0.231578947,0.526315789,67.54158
61.17,1.72,15.17,6.16,0.08,2.3,4.72,3.66,4.13,0.88,148,282,29.3,101.5,14.9,3.03,9.4,1.17,5.76,1,2.53,0.3,1.81,0.28,790,25.7,154.5,1555,11.4,45.8,2.3,29,6.15,32,546,9,105,23,50,7.796782543,5.758754864,1.782101167,172.7777778,25.3038674,30.73929961,55.25464043,155.801105,21.24513619,9.932885906,3.182320442,8.232044199,36.6442953,0.2,56.07734807,0.024561404,10.97276265,3.949416342,16.02209945,5.193370166,14.80952381,1.650862069,1.128404669,2.555555556,5.555555556,0.219047619,0.476190476,67.54158
58.77,1.92,16.1,7.25,0.08,2.09,5.64,3.68,3.64,0.84,100,186,20.9,74.7,11.55,2.71,7.65,1,5.06,0.88,2.31,0.31,1.73,0.22,816,23.8,109.5,1480,9.4,43.8,2.4,17.15,3.39,22,407,13,134,44,80,7.318038605,4.201680672,1.840336134,113.8461538,25.31791908,34.28571429,39.06065427,107.5144509,17.10084034,8.658008658,2.924855491,6.676300578,35.23809524,0.13,43.17919075,0.023404255,7.81512605,3.138655462,9.913294798,4.421965318,11.04477612,1.297101449,0.720588235,3.384615385,6.153846154,0.328358209,0.597014925,67.60115
58.37,1.86,15.3,7.19,0.11,3.57,5.79,3.49,3.54,0.78,93.2,178.5,19.65,69.9,10.9,2.58,7.34,0.96,5.1,0.89,2.31,0.28,1.7,0.24,763,23.5,98.7,1220,8.6,45.9,2.3,16.6,3.32,23,383,12,130,53,90,7.026468779,3.965957447,1.953191489,101.6666667,27,32.46808511,37.04696265,105,16.29787234,8.550458716,3,6.411764706,35.13761468,0.13,41.11764706,0.027906977,7.595744681,2.974468085,9.764705882,4.317647059,9.384615385,1.214411248,0.706382979,4.416666667,7.5,0.407692308,0.692307692,67.71413
60.18,1.77,15.7,5.93,0.08,2.6,4.89,3.86,4.08,0.88,152,291,30.1,104,14.8,3.19,9.34,1.21,5.56,0.98,2.38,0.32,1.76,0.27,856,26.1,163.5,1625,12.4,46.9,2.2,32.8,5.92,39,591,9,108,19,30,7.943447678,5.823754789,1.796934866,180.5555556,26.64772727,32.79693487,58.36016844,165.3409091,22.64367816,10.27027027,3.159090909,8.409090909,39.93243243,0.19,59.09090909,0.021774194,11.14942529,3.98467433,18.63636364,5.306818182,15.0462963,1.623188406,1.256704981,2.111111111,3.333333333,0.175925926,0.277777778,66.12546
61.55,1.59,15.71,5.84,0.04,1.47,4.46,4.15,4.37,0.82,179.93,320.9,32.5,108.53,16,3.48,9.77,1.23,6.15,1.02,2.4,0.31,1.83,0.26,1011,26.75,139.1,1944,11.96,46.27,2.32,32.82,4.85,33.69,563,7.9,96.7,8.3,17,8.519914801,6.72635514,1.729719626,246.0759494,25.28415301,37.79439252,66.44129778,175.3551913,21.04672897,11.245625,3.360655738,8.743169399,35.1875,0.14,59.30601093,0.02173913,11.99626168,4.057196262,17.93442623,5.338797814,20.10341262,1.910313901,1.226915888,1.050632911,2.151898734,0.085832472,0.175801448,65.49577
60.85,1.54,15.54,5.92,0.07,2.23,4.56,3.84,4.6,0.85,145.66,286.26,29.76,101.48,14.92,3.26,8.79,1.07,5.22,0.85,1.93,0.25,1.51,0.21,1210,22.2,154.8,1977,10.56,39.11,2.12,33.68,5.4,26.18,482,8.8,98.6,16,23,8.439409241,6.561261261,1.761711712,224.6590909,25.90066225,54.5045045,65.18519588,189.5761589,21.71171171,9.762734584,3.456953642,9.880794702,32.30563003,0.13,67.20529801,0.019886364,12.89459459,4.571171171,22.30463576,5.821192053,20.05070994,1.850877193,1.517117117,1.818181818,2.613636364,0.162271805,0.23326572,65.07183
62.06,1.4,15.52,5.41,0.07,2.02,4.18,3.83,4.78,0.73,149.98,300.73,31.42,105.6,15.25,2.95,9.04,1.11,5.38,0.89,2.03,0.27,1.57,0.22,1057,23.22,174.1,1728,10.25,38.38,2.23,37.22,6.51,30.11,462,7.8,94.5,15.4,22,8.609913901,6.459086994,1.652885444,221.5384615,24.44585987,45.5211025,64.55342856,191.5477707,19.89664083,9.834754098,3.426751592,9.713375796,30.29508197,0.16,67.2611465,0.021463415,12.95133506,4.547803618,23.70700637,5.757961783,18.28571429,2.059808612,1.60292851,1.974358974,2.820512821,0.162962963,0.232804233,65.42977
62.53,1.46,15.63,4.43,0.08,2.24,4.24,3.87,4.73,0.79,147.72,287.69,29.49,99.77,14.7,3.06,8.63,1.05,5.14,0.86,1.94,0.25,1.51,0.22,1078,22.32,178.1,1755,10.35,38.65,2.2,38.52,6.95,35.04,470,7.7,79.5,13.8,19,8.599656014,6.61827957,1.731630824,227.9220779,25.59602649,48.29749104,66.10707906,190.5231788,21.05734767,10.04897959,3.40397351,9.735099338,31.97278912,0.17,66.07284768,0.021256039,12.88933692,4.469982079,25.50993377,5.715231788,22.0754717,2.028301887,1.725806452,1.792207792,2.467532468,0.173584906,0.238993711,65.49786